Threshold,FP,TP,FN,Precision,Recall,Accuracy,F1
0.1,74,187,172,0.7164750957854407,0.520891364902507,0.43187066974595845,0.603225806451613
0.2,122,139,220,0.5325670498084292,0.3871866295264624,0.288981288981289,0.4483870967741935
0.3,182,79,280,0.30268199233716475,0.2200557103064067,0.14602587800369685,0.25483870967741934
0.4,226,35,324,0.13409961685823754,0.09749303621169916,0.05982905982905983,0.11290322580645161
0.5,247,14,345,0.05363984674329502,0.03899721448467967,0.0231023102310231,0.04516129032258064
0.6,256,5,354,0.019157088122605363,0.013927576601671309,0.008130081300813009,0.016129032258064516
0.7,260,1,358,0.0038314176245210726,0.002785515320334262,0.0016155088852988692,0.0032258064516129032
0.8,261,0,359,0.0,0.0,0.0,0.0
0.9,261,0,359,0.0,0.0,0.0,0.0
