Threshold,FP,TP,FN,Precision,Recall,Accuracy,F1
0.1,0,41,2,1.0,0.9534883720930233,0.9534883720930233,0.9761904761904762
0.2,0,41,2,1.0,0.9534883720930233,0.9534883720930233,0.9761904761904762
0.3,0,41,2,1.0,0.9534883720930233,0.9534883720930233,0.9761904761904762
0.4,0,41,2,1.0,0.9534883720930233,0.9534883720930233,0.9761904761904762
0.5,1,40,3,0.975609756097561,0.9302325581395349,0.9090909090909091,0.9523809523809523
0.6,2,39,4,0.9512195121951219,0.9069767441860465,0.8666666666666667,0.9285714285714286
0.7,6,35,8,0.8536585365853658,0.813953488372093,0.7142857142857143,0.8333333333333334
0.8,17,24,19,0.5853658536585366,0.5581395348837209,0.4,0.5714285714285714
0.9,35,6,37,0.14634146341463414,0.13953488372093023,0.07692307692307693,0.14285714285714285
