Threshold,FP,TP,FN,Precision,Recall,Accuracy,F1
0.1,0,42,1,1.0,0.9767441860465116,0.9767441860465116,0.9882352941176471
0.2,0,42,1,1.0,0.9767441860465116,0.9767441860465116,0.9882352941176471
0.3,0,42,1,1.0,0.9767441860465116,0.9767441860465116,0.9882352941176471
0.4,0,42,1,1.0,0.9767441860465116,0.9767441860465116,0.9882352941176471
0.5,0,42,1,1.0,0.9767441860465116,0.9767441860465116,0.9882352941176471
0.6,1,41,2,0.9761904761904762,0.9534883720930233,0.9318181818181818,0.9647058823529412
0.7,4,38,5,0.9047619047619048,0.8837209302325582,0.8085106382978723,0.8941176470588236
0.8,14,28,15,0.6666666666666666,0.6511627906976745,0.49122807017543857,0.6588235294117647
0.9,37,5,38,0.11904761904761904,0.11627906976744186,0.0625,0.11764705882352941
