Threshold,FP,TP,FN,Precision,Recall,Accuracy,F1
0.1,9,243,116,0.9642857142857143,0.6768802228412256,0.6603260869565217,0.795417348608838
0.2,34,218,141,0.8650793650793651,0.6072423398328691,0.55470737913486,0.7135842880523732
0.3,84,168,191,0.6666666666666666,0.467966573816156,0.3792325056433409,0.5499181669394435
0.4,109,143,216,0.5674603174603174,0.3983286908077994,0.3055555555555556,0.46808510638297873
0.5,132,120,239,0.47619047619047616,0.3342618384401114,0.24439918533604887,0.39279869067103107
0.6,155,97,262,0.38492063492063494,0.27019498607242337,0.188715953307393,0.31751227495908346
0.7,180,72,287,0.2857142857142857,0.20055710306406685,0.13358070500927643,0.23567921440261866
0.8,203,49,310,0.19444444444444445,0.13649025069637882,0.08718861209964412,0.16039279869067102
0.9,236,16,343,0.06349206349206349,0.04456824512534819,0.02689075630252101,0.05237315875613748
