Threshold,FP,TP,FN,Precision,Recall,Accuracy,F1
0.1,8,215,144,0.9641255605381166,0.5988857938718662,0.5858310626702997,0.738831615120275
0.2,19,204,155,0.9147982062780269,0.5682451253481894,0.5396825396825397,0.7010309278350515
0.3,44,179,180,0.8026905829596412,0.4986072423398329,0.4441687344913151,0.6151202749140894
0.4,86,137,222,0.6143497757847534,0.3816155988857939,0.30786516853932583,0.47079037800687284
0.5,114,109,250,0.48878923766816146,0.30362116991643456,0.23044397463002114,0.3745704467353952
0.6,139,84,275,0.37668161434977576,0.233983286908078,0.1686746987951807,0.28865979381443296
0.7,159,64,295,0.28699551569506726,0.17827298050139276,0.12355212355212356,0.21993127147766323
0.8,179,44,315,0.19730941704035873,0.12256267409470752,0.08178438661710037,0.15120274914089346
0.9,216,7,352,0.03139013452914798,0.019498607242339833,0.01217391304347826,0.024054982817869417
